{
  "posts": [
    {
      "id": 1,
      "title": "json-server",
      "author": "typicode"
    }
  ],
  "comments": [
    {
      "id": 1,
      "body": "some comment",
      "postId": 1
    }
  ],
  "profile": {
    "name": "typicode"
  },
  "login": [
    {
      "id": 1,
      "nome": "Usuário 1",
      "email": "usuario1@email.com",
      "senha": "senha123"
    },
    {
      "id": 2,
      "nome": "Usuário 2",
      "email": "usuario2@email.com",
      "senha": "senha456"
    }
    ]
}